,F Value,Num DF,Den DF,Pr > F
roving_type,8.490400322846162,2.0,8.0,0.01051803310991337
