,F Value,Num DF,Den DF,Pr > F
roving_type,7.498344656333996,2.0,8.0,0.014645313623956567
