,F Value,Num DF,Den DF,Pr > F
roving_type,4.129647916504355,2.0,8.0,0.058607475680498324
