,F Value,Num DF,Den DF,Pr > F
roving_type,13.611919281459876,2.0,8.0,0.0026608060535833716
