,F Value,Num DF,Den DF,Pr > F
roving_type,11.679573006116442,2.0,8.0,0.00423548393637769
