,mse_test,mse_train,mean_mse_train,mean_mse_test,mae_test,mae_train,mean_mae_train,mean_mae_test,r2_test,r2_train,mean_r2_train,mean_r2_test
0,-0.24674679309816241,-0.11898971504050225,-0.13006495106833396,-0.21059104888356353,-0.2693389546257081,-0.2034693763990465,-0.21518027911854473,-0.27406533499057467,0.8568537743877861,0.9347394635228451,0.9281221949203695,0.8791268621011975
1,-0.2246841176235287,-0.12239829184972965,-0.13006495106833396,-0.21059104888356353,-0.2800758515101718,-0.21493652309030642,-0.21518027911854473,-0.27406533499057467,0.8730816407543207,0.9295931980269815,0.9281221949203695,0.8791268621011975
2,-0.1758535521811434,-0.14250900012908221,-0.13006495106833396,-0.21059104888356353,-0.2663685776198692,-0.2339190170509562,-0.21518027911854473,-0.27406533499057467,0.9005876273232368,0.9216654773955592,0.9281221949203695,0.8791268621011975
3,-0.2301070188914349,-0.11631717919588336,-0.13006495106833396,-0.21059104888356353,-0.3277972075248967,-0.20445211342394498,-0.21518027911854473,-0.27406533499057467,0.8642301021675803,0.937115018402736,0.9281221949203695,0.8791268621011975
4,-0.17556376262354825,-0.1501105691264724,-0.13006495106833396,-0.21059104888356353,-0.22674608367222748,-0.2191243656284696,-0.21518027911854473,-0.27406533499057467,0.9008811658730641,0.9174978172537263,0.9281221949203695,0.8791268621011975
