,mse_test,mse_train,mean_mse_train,mean_mse_test,mae_test,mae_train,mean_mae_train,mean_mae_test,r2_test,r2_train,mean_r2_train,mean_r2_test
0,-0.05058402619011032,-0.04960542573251916,-0.04927486625353533,-0.04990122548675157,-0.13580508403942915,-0.13667624051188287,-0.1334291785048376,-0.1312484153096638,0.9740511388206615,0.974519896038925,0.9746979794312496,0.9743306993159999
1,-0.049798854766294906,-0.048215796810496654,-0.04927486625353533,-0.04990122548675157,-0.13083988144736036,-0.13405635720148812,-0.1334291785048376,-0.1312484153096638,0.9744175244594985,0.9753200016326964,0.9746979794312496,0.9743306993159999
2,-0.05050551190693261,-0.04943059392072441,-0.04927486625353533,-0.04990122548675157,-0.13053979544867733,-0.1336194703272513,-0.1334291785048376,-0.1312484153096638,0.9738815493675278,0.9746309535983156,0.9746979794312496,0.9743306993159999
3,-0.048858162255025435,-0.04972744834957371,-0.04927486625353533,-0.04990122548675157,-0.1285120410216214,-0.13403129885625997,-0.1334291785048376,-0.1312484153096638,0.9748856228462133,0.9744139418147755,0.9746979794312496,0.9743306993159999
4,-0.0497595723153946,-0.049395066454362736,-0.04927486625353533,-0.04990122548675157,-0.13054527459123078,-0.12876252562730572,-0.1334291785048376,-0.1312484153096638,0.974417661086099,0.9746051040715358,0.9746979794312496,0.9743306993159999
