,F Value,Num DF,Den DF,Pr > F
roving_type,41.655275605429786,2.0,8.0,5.89218114559942e-05
