,F Value,Num DF,Den DF,Pr > F
roving_type,67.87867518063749,2.0,8.0,9.590465994364154e-06
