,F Value,Num DF,Den DF,Pr > F
roving_type,22.42395635826574,2.0,8.0,0.0005251079478843266
