,F Value,Num DF,Den DF,Pr > F
roving_type,8.019164104018754,2.0,8.0,0.012267128252588159
