,F Value,Num DF,Den DF,Pr > F
pitch,17.67971936074133,4.0,16.0,1.0104097172150048e-05
