,F Value,Num DF,Den DF,Pr > F
roving_type,16.751454536070526,2.0,8.0,0.0013805298214666127
