,F Value,Num DF,Den DF,Pr > F
roving_type,31.194521160848662,2.0,8.0,0.00016685519089211496
