,F Value,Num DF,Den DF,Pr > F
roving_type,12.6575380888573,2.0,8.0,0.0033250387071816173
