,F Value,Num DF,Den DF,Pr > F
roving_type,15.220298188456304,2.0,8.0,0.0018758559310568005
