,F Value,Num DF,Den DF,Pr > F
roving_type,63.67398855450979,2.0,8.0,1.2205424003731437e-05
