,F Value,Num DF,Den DF,Pr > F
pitch,9.246392309383051,4.0,16.0,0.00045520308833356507
