,F Value,Num DF,Den DF,Pr > F
roving_type,6.258678382314207,2.0,8.0,0.023113957324336725
