,F Value,Num DF,Den DF,Pr > F
roving_type,1.640115163380158,2.0,8.0,0.2529811009410375
