,F Value,Num DF,Den DF,Pr > F
roving_type,3.146888175122731,2.0,8.0,0.09812327110463827
