,F Value,Num DF,Den DF,Pr > F
roving_type,6.51151248465949,2.0,8.0,0.020969067778424225
