,F Value,Num DF,Den DF,Pr > F
pitch,6.775090920357846,4.0,16.0,0.002174919551106842
