,F Value,Num DF,Den DF,Pr > F
roving_type,13.8371585799777,2.0,8.0,0.002528932698131672
