,F Value,Num DF,Den DF,Pr > F
roving_type,5.668364350947579,2.0,8.0,0.029297322506604512
